dt,nu,nudot,nuddot
0.0,1.505143040598846,-5.1380792001e-14,5.23e-27
129729.72972972973,1.5051430339191159,-5.1380791322244834e-14,5.242612784699755e-27
129729.72972972973,1.5051430272838824,-5.138079064195955e-14,5.251504694729271e-27
129729.72972972976,1.5051430206017837,-5.1380789960595547e-14,5.2387845097017205e-27
129729.7297297297,1.5051430139560293,-5.1380789280774694e-14,5.232108891722434e-27
129729.7297297297,1.5051430072664707,-5.138078860176369e-14,5.248459888639191e-27
129729.72972972982,1.5051430006143067,-5.138078792076907e-14,5.249024897341122e-27
129729.7297297297,1.505142993943268,-5.138078723970591e-14,5.257372967580814e-27
129729.7297297297,1.5051429872678113,-5.138078655763e-14,5.254944635737184e-27
129729.7297297297,1.505142980610091,-5.138078587584869e-14,5.243095587233213e-27
129729.7297297297,1.5051429739565207,-5.138078519550484e-14,5.2479950581521254e-27
129729.7297297297,1.505142967274873,-5.138078451456661e-14,5.24843668383485e-27
129729.72972972994,1.5051429606115745,-5.138078383357481e-14,5.2340456187099815e-27
129729.7297297297,1.5051429539519405,-5.138078315432886e-14,5.231748861571784e-27
129729.7297297297,1.505142947282135,-5.1380782475361544e-14,5.252974088484259e-27
129729.7297297297,1.505142940606485,-5.138078179381929e-14,5.2548707023456494e-27
129729.7297297297,1.5051429339531972,-5.138078111204695e-14,5.2681210988435514e-27
129729.7297297297,1.505142927278264,-5.1380780428667145e-14,5.268105418059314e-27
129729.7297297297,1.5051429206166376,-5.138077974528924e-14,5.257363906243154e-27
129729.7297297297,1.5051429139449914,-5.1380779063214444e-14,5.262908142090417e-27
129729.7297297297,1.5051429072860023,-5.138077838046705e-14,5.2640023217592906e-27
129729.7297297297,1.5051429006187458,-5.138077769758691e-14,5.2696590807468426e-27
129729.7297297297,1.5051428939812221,-5.138077701402053e-14,5.2707039167209674e-27
129729.7297297297,1.5051428872937838,-5.138077633032739e-14,5.263844509123325e-27
129729.72972973017,1.5051428806358824,-5.138077564746641e-14,5.261821602151288e-27
129729.7297297297,1.50514287394931,-5.138077496485083e-14,5.2630322216194584e-27
129729.7297297297,1.5051428672854457,-5.138077428208839e-14,5.24955962538207e-27
129729.7297297297,1.505142860618464,-5.1380773600960376e-14,5.246402857638887e-27
129729.7297297297,1.5051428539564722,-5.1380772920215325e-14,5.2406176589170874e-27
129729.7297297297,1.5051428473003756,-5.13807722401721e-14,5.2378382235301535e-27
129729.7297297297,1.5051428406249883,-5.138077156046607e-14,5.2460874010884615e-27
129729.7297297297,1.5051428339503508,-5.138077087975929e-14,5.252586809180316e-27
129729.7297297297,1.5051428272931229,-5.138077019826404e-14,5.260085113390357e-27
129729.7297297297,1.5051428206280688,-5.138076951585913e-14,5.257194733208184e-27
129729.7297297297,1.5051428139761847,-5.1380768833804865e-14,5.257436644308482e-27
129729.7297297297,1.5051428072860833,-5.1380768151721257e-14,5.249332047974902e-27
129729.7297297297,1.5051428006328706,-5.138076747062086e-14,5.264892621192024e-27
129729.7297297297,1.5051427939589284,-5.1380766787632736e-14,5.271300621646216e-27
129729.7297297297,1.5051427873004666,-5.1380766103867225e-14,5.2814077460798845e-27
129729.7297297297,1.5051427806280537,-5.138076541887557e-14,5.287494723241744e-27
129729.7297297297,1.5051427739549745,-5.138076473314548e-14,5.279534959883059e-27
129729.7297297297,1.5051427673149917,-5.138076404838103e-14,5.2544795916497475e-27
129729.7297297297,1.5051427606510668,-5.138076336665616e-14,5.262464042451538e-27
129729.7297297297,1.5051427539763595,-5.138076268396266e-14,5.273147395944783e-27
129729.7297297297,1.5051427472987584,-5.1380761999973115e-14,5.280416319301284e-27
129729.7297297297,1.5051427406501308,-5.138076131510174e-14,5.2810729120575805e-27
129729.7297297297,1.5051427339717356,-5.138076063015072e-14,5.260606079674768e-27
129729.7297297297,1.5051427273219171,-5.1380759947682625e-14,5.241861581935657e-27
129729.72972973064,1.505142720654235,-5.1380759267488515e-14,5.253415842512879e-27
129729.7297297297,1.5051427139607298,-5.1380758585892706e-14,5.247103353732971e-27
129729.7297297297,1.5051427073158794,-5.13807579050627e-14,5.258595657913544e-27
129729.7297297297,1.5051427006645635,-5.13807572228385e-14,5.26687242190846e-27
129729.7297297297,1.5051426939908223,-5.138075653961021e-14,5.281318811965751e-27
129729.7297297297,1.50514268733469,-5.138075585462936e-14,5.2777566430895365e-27
129729.7297297297,1.5051426806598018,-5.138075517008066e-14,5.2564261078710015e-27
129729.7297297297,1.5051426740002865,-5.1380754488119664e-14,5.260458653418418e-27
129729.7297297297,1.5051426673228525,-5.138075380566946e-14,5.262657118131804e-27
129729.7297297297,1.5051426606696374,-5.1380753122952556e-14,5.275672206959005e-27
129729.7297297297,1.5051426540028192,-5.138075243865673e-14,5.265467500666729e-27
129729.7297297297,1.5051426473258338,-5.1380751755598883e-14,5.276088426286254e-27
129729.7297297297,1.505142640658453,-5.138075107125256e-14,5.261223339870369e-27
129729.7297297297,1.5051426339838962,-5.13807503887096e-14,5.259781935945186e-27
129729.7297297297,1.505142627333736,-5.13807497063415e-14,5.265779245840773e-27
129729.7297297297,1.5051426206656866,-5.138074902324584e-14,5.278001466102904e-27
129729.7297297297,1.505142614018645,-5.138074833866744e-14,5.265782012714051e-27
129729.72972973064,1.5051426073378644,-5.138074765557145e-14,5.266645120487385e-27
129729.72972972877,1.5051426006718922,-5.138074697237075e-14,5.2617806615646226e-27
129729.72972973064,1.505142594006795,-5.138074628976018e-14,5.277464687617385e-27
129729.72972972877,1.5051425873477302,-5.1380745605246906e-14,5.272143295873679e-27
129729.72972973064,1.5051425806785481,-5.1380744921379197e-14,5.27227517074802e-27
129729.72972972877,1.5051425740177113,-5.138074423749549e-14,5.269703070981795e-27
129729.72972973064,1.505142567352337,-5.138074355392382e-14,5.2716892958096666e-27
129729.72972972877,1.5051425606826925,-5.138074287011119e-14,5.2751597042315166e-27
129729.72972973064,1.5051425540065744,-5.138074218587755e-14,5.289334214863582e-27
129729.72972972877,1.5051425473332767,-5.138074149992433e-14,5.284799660834451e-27
129729.72972973064,1.505142540697008,-5.138074081452123e-14,5.286124187453665e-27
129729.72972972877,1.505142534017791,-5.138074012895744e-14,5.2776863294725e-27
129729.72972973064,1.5051425273552452,-5.1380739444417284e-14,5.2943883936600495e-27
129729.72972972877,1.505142520684134,-5.1380738757850926e-14,5.295632402231056e-27
129729.72972973064,1.505142514022315,-5.138073807113365e-14,5.286153022993632e-27
129729.72972972877,1.5051425073522136,-5.138073738556637e-14,5.2917863977296154e-27
129729.72972973064,1.50514250067995,-5.1380736699315674e-14,5.298094592500113e-27
129729.72972972877,1.5051424940281182,-5.13807360122997e-14,5.2926787589116566e-27
129729.72972973064,1.5051424873584927,-5.138073532594075e-14,5.2743512698973404e-27
129729.72972972877,1.50514248068489,-5.13807346418052e-14,5.2723328382194534e-27
129729.72972973064,1.5051424740094796,-5.1380733957914515e-14,5.269767390933292e-27
129729.72972972877,1.5051424673646394,-5.1380733274335056e-14,5.2776091611376695e-27
129729.72972973064,1.5051424607001007,-5.1380732589804274e-14,5.27558855287497e-27
129729.72972972877,1.5051424540303628,-5.1380731905518627e-14,5.295050840460141e-27
129729.72972973064,1.505142447360575,-5.138073121887192e-14,5.284148699096613e-27
129729.72972972877,1.5051424406867253,-5.13807305335478e-14,5.2881691590962236e-27
129729.72972973064,1.5051424340265918,-5.138072984773594e-14,5.29462091529529e-27
129729.72972972877,1.5051424273860983,-5.138072916114139e-14,5.271436018130041e-27
129729.72972973064,1.5051424207005881,-5.138072847735951e-14,5.260834599039867e-27
129729.72972972877,1.5051424140252456,-5.1380727794863745e-14,5.281301424063886e-27
129729.72972973064,1.5051424073753246,-5.138072710988505e-14,5.276875465836272e-27
129729.72972973064,1.5051424007182892,-5.138072642544329e-14,5.277870836618849e-27
129729.72972972877,1.5051423940285653,-5.1380725740880776e-14,5.26672977754653e-27
129729.72972973064,1.5051423873662266,-5.138072505766984e-14,5.2615580514279975e-27
129729.72972972877,1.5051423807131334,-5.1380724375086315e-14,5.2562667529084076e-27
129729.72972973064,1.5051423740225964,-5.13807236931447e-14,5.243429459814001e-27
129729.72972972877,1.5051423673642528,-5.1380723012760444e-14,5.2493687542758945e-27
129729.72972973064,1.5051423607003453,-5.138072233165566e-14,5.266463673175261e-27
129729.72972972877,1.5051423540375597,-5.138072164847701e-14,5.278789652403163e-27
129729.72972973064,1.5051423473641343,-5.1380720963803036e-14,5.272296613131832e-27
129729.72972972877,1.505142340710755,-5.1380720279916766e-14,5.277469169547845e-27
129729.72972973064,1.5051423340534098,-5.138071959540299e-14,5.269412842467667e-27
129729.72972972877,1.5051423273697289,-5.138071891186657e-14,5.283274166331701e-27
129729.72972973064,1.505142320711216,-5.138071822664856e-14,5.291569593933456e-27
129729.72972972877,1.5051423140671245,-5.13807175404242e-14,5.273642245121207e-27
129729.72972973064,1.505142307354186,-5.138071685637469e-14,5.277198217693459e-27
129729.72972972877,1.5051423007197464,-5.138071617189379e-14,5.289891804465958e-27
129729.72972973064,1.5051422940547134,-5.138071548587297e-14,5.269969154004797e-27
129729.72972972877,1.5051422873696712,-5.138071480226906e-14,5.264872131686818e-27
129729.72972973064,1.5051422807271069,-5.13807141192835e-14,5.268467117458901e-27
129729.72972972877,1.5051422740626383,-5.1380713435861814e-14,5.2641475770596786e-27
129729.72972973064,1.505142267362417,-5.138071275296416e-14,5.2657356367883386e-27
129729.72972972877,1.5051422607120588,-5.138071206987384e-14,5.2801949764689516e-27
129729.72972973064,1.5051422540515942,-5.13807113850294e-14,5.26776805676399e-27
129729.72972972877,1.5051422473809153,-5.138071070169252e-14,5.275541440955884e-27
129729.72972973064,1.505142240740707,-5.1380710017412624e-14,5.2758541462698935e-27
129729.72972972877,1.5051422340582252,-5.138070933309479e-14,5.2721480127025734e-27
129729.72972973064,1.5051422273983859,-5.1380708649226564e-14,5.267878204423434e-27
129729.72972972877,1.5051422207485217,-5.138070796587633e-14,5.259676867849824e-27
129729.72972973064,1.5051422140660227,-5.138070728352104e-14,5.285529076158455e-27
129729.72972972877,1.505142207405911,-5.13807065980295e-14,5.260793031892232e-27
129729.72972973064,1.5051422007317656,-5.1380705915538806e-14,5.276796323438801e-27
129729.72972972877,1.5051421940852185,-5.1380705231106676e-14,5.2678271068157306e-27
129729.72972973064,1.50514218740415,-5.138070454776265e-14,5.278705852295812e-27
129729.72972973064,1.5051421807600691,-5.138070386309887e-14,5.263917361305458e-27
129729.72972973064,1.5051421740740287,-5.138070318022915e-14,5.25325384410827e-27
129729.72972972691,1.5051421673866423,-5.1380702498653074e-14,5.2374148568951e-27
129729.72972973064,1.505142160734499,-5.138070181899851e-14,5.235356131906945e-27
129729.72972973064,1.505142154077351,-5.1380701139593694e-14,5.231426029832644e-27
129729.72972973064,1.5051421474109705,-5.138070046066566e-14,5.239416404013114e-27
129729.72972972691,1.5051421407505596,-5.1380699780768276e-14,5.249552547205843e-27
129729.72972973064,1.5051421340865105,-5.138069909964123e-14,5.258301860191513e-27
129729.72972973064,1.5051421273940926,-5.1380698417452763e-14,5.275372541967466e-27
129729.72972973064,1.5051421207547564,-5.138069773319337e-14,5.277442957419866e-27
129729.72972972691,1.5051421140966883,-5.138069704868281e-14,5.285189748666396e-27
129729.72972973064,1.5051421074227886,-5.138069636323245e-14,5.279589516296464e-27
129729.72972973064,1.5051421007486205,-5.138069567846148e-14,5.2880257605929326e-27
129729.72972973064,1.505142094078276,-5.138069499266707e-14,5.272042393030009e-27
129729.72972972691,1.5051420874225743,-5.138069430881168e-14,5.2519516897806536e-27
129729.72972973064,1.5051420807682168,-5.138069362739359e-14,5.257017413099269e-27
129729.72972973064,1.505142074073279,-5.1380692945360956e-14,5.267554861788116e-27
129729.72972973064,1.5051420674104579,-5.1380692262049974e-14,5.2646412483980705e-27
129729.72972972691,1.5051420607566297,-5.138069157909246e-14,5.2600655017694936e-27
129729.72972973064,1.5051420540883378,-5.138069089669005e-14,5.262152115874378e-27
129729.72972973064,1.5051420474257344,-5.1380690214034504e-14,5.265069141989554e-27
129729.72972973064,1.5051420407615916,-5.138068953102508e-14,5.2725002481319375e-27
129729.72972972691,1.505142034094764,-5.1380688847114156e-14,5.261269543486354e-27
129729.72972973064,1.505142027426271,-5.138068816456568e-14,5.2617480270734976e-27
129729.72972973064,1.505142020764518,-5.138068748195916e-14,5.270116832105812e-27
129729.72972973064,1.5051420141016212,-5.138068679833738e-14,5.251404302924494e-27
129729.72972972691,1.5051420074302464,-5.1380686116985706e-14,5.255971762309561e-27
129729.72972973064,1.505142000769211,-5.138068543507993e-14,5.2578345577046096e-27
129729.72972973064,1.505141994101709,-5.138068475294818e-14,5.258017174259614e-27
129729.72972973064,1.5051419874374798,-5.138068407079427e-14,5.2655642369277846e-27
129729.72972972691,1.5051419807734225,-5.1380683387724795e-14,5.2612744338471535e-27
129729.72972973064,1.505141974115805,-5.1380682705175733e-14,5.2758104652853036e-27
129729.72972973064,1.5051419674457307,-5.138068202086324e-14,5.283869596450629e-27
129729.72972973064,1.505141960765356,-5.138068133557305e-14,5.276997223287021e-27
129729.72972973064,1.5051419541193047,-5.1380680651116585e-14,5.2696204927661055e-27
129729.72972972691,1.5051419474268315,-5.138067996755503e-14,5.282182950172745e-27
129729.72972973064,1.505141940792014,-5.138067928246946e-14,5.2674611885126406e-27
129729.72972973064,1.5051419341097731,-5.138067859916986e-14,5.2568633328949876e-27
129729.72972973064,1.505141927450124,-5.138067791715594e-14,5.260172001285864e-27
129729.72972972691,1.5051419207834715,-5.138067723474063e-14,5.267053480603581e-27
129729.72972973064,1.5051419140966436,-5.138067655149049e-14,5.2876300562284816e-27
129729.72972973064,1.50514190743031,-5.138067586574411e-14,5.293401437437916e-27
129729.72972973064,1.5051419007789677,-5.138067517929758e-14,5.291470831637639e-27
129729.72972972691,1.505141894104186,-5.138067449308526e-14,5.293215944178727e-27
129729.72972973064,1.5051418874573672,-5.138067380666123e-14,5.285315701575355e-27
129729.72972973064,1.505141880782313,-5.1380673121195626e-14,5.261308188716576e-27
129729.72972973064,1.5051418741224105,-5.138067243864249e-14,5.255849912971054e-27
129729.72972972691,1.5051418674566346,-5.138067175675152e-14,5.2598948734565365e-27
129729.72972973064,1.5051418607932674,-5.1380671074369834e-14,5.2715662132216725e-27
129729.72972973064,1.505141854133206,-5.1380670390572245e-14,5.273674759993589e-27
129729.72972973064,1.505141847442162,-5.138066970651886e-14,5.2698924704172064e-27
129729.72972972691,1.5051418407895207,-5.1380669022924327e-14,5.282371379003238e-27
129729.72972973064,1.5051418341138747,-5.1380668337815916e-14,5.282751880021115e-27
129729.72972973064,1.5051418274590747,-5.138066765266135e-14,5.2865248964106126e-27
129729.72972973064,1.5051418207846219,-5.1380666967049057e-14,5.294957931307369e-27
129729.72972972691,1.5051418141323245,-5.1380666280413714e-14,5.280411025565018e-27
129729.72972973064,1.5051418074619367,-5.138066559554313e-14,5.279382830672054e-27
129729.72972973064,1.5051418008198196,-5.138066491079728e-14,5.2860615614406464e-27
129729.72972973064,1.5051417941339715,-5.13806642252412e-14,5.280702286126274e-27
129729.72972972691,1.5051417874771524,-5.138066354033528e-14,5.2720981663119955e-27
129729.72972973064,1.5051417808068377,-5.138066285647317e-14,5.273454832247156e-27
129729.72972973064,1.5051417741444832,-5.1380662172446476e-14,5.259541518453929e-27
129729.72972973064,1.5051417674630128,-5.1380661490107674e-14,5.262653923106711e-27
129729.72972973064,1.5051417607935336,-5.138066080739129e-14,5.287047056385679e-27
129729.72972972691,1.5051417541471972,-5.1380660121715664e-14,5.2729418591070825e-27
129729.72972973064,1.5051417474607396,-5.138065943775121e-14,5.2713762831447124e-27
129729.72972973064,1.5051417408141097,-5.138065875397668e-14,5.2706545559002074e-27
129729.72972973064,1.5051417341405384,-5.138065807028971e-14,5.2625403483348235e-27
129729.72972972691,1.505141727483658,-5.1380657387587115e-14,5.275621723808682e-27
129729.72972973064,1.5051417208030669,-5.1380656703297555e-14,5.2629781544538845e-27
129729.72972973064,1.5051417141313883,-5.138065602054185e-14,5.256154414720276e-27
129729.72972973064,1.5051417074762186,-5.138065533861396e-14,5.2468611683790104e-27
129729.72972972691,1.505141700819414,-5.138065465781349e-14,5.245631438519641e-27
129729.72972973064,1.5051416941418194,-5.13806539771622e-14,5.240029814943302e-27
129729.72972973064,1.5051416874618728,-5.138065329719047e-14,5.2481789934078e-27
129729.72972973064,1.505141680805416,-5.1380652616230126e-14,5.2448290948597226e-27
129729.72972972691,1.5051416741498416,-5.1380651935676175e-14,5.226977375137368e-27
129729.72972973064,1.505141667475344,-5.13806512572879e-14,5.2350781039900826e-27
129729.72972973064,1.5051416608257124,-5.138065057791689e-14,5.2469561051541196e-27
129729.72972973064,1.5051416541665639,-5.1380649897104903e-14,5.2606701001906775e-27
129729.72972972691,1.5051416474891048,-5.1380649214629206e-14,5.265853291651662e-27
129729.72972973064,1.505141640813992,-5.138064853152471e-14,5.2640087922247555e-27
129729.72972973064,1.5051416341663126,-5.1380647848643986e-14,5.267071895457801e-27
129729.72972973064,1.5051416274838625,-5.138064716539166e-14,5.2664115878181315e-27
129729.72972972691,1.5051416208353239,-5.138064648221944e-14,5.253784042131687e-27
129729.72972973064,1.5051416141666112,-5.1380645800579126e-14,5.249470090966693e-27
129729.72972973064,1.5051416075016082,-5.138064511946216e-14,5.257446067291738e-27
129729.72972973064,1.5051416008163077,-5.1380644437377595e-14,5.270785693037551e-27
129729.72972972691,1.505141594144299,-5.138064375367473e-14,5.276971740418772e-27
129729.72972973064,1.5051415874961398,-5.1380643069221417e-14,5.283220907454922e-27
129729.72972973064,1.5051415808258364,-5.138064238400998e-14,5.287255837587612e-27
129729.72972973064,1.5051415741453567,-5.1380641698309054e-14,5.257425879815109e-27
129729.72972972691,1.5051415674988047,-5.138064101622694e-14,5.255856702543321e-27
129729.72972973064,1.5051415608590792,-5.1380640334335196e-14,5.245518972838974e-27
129729.72972973064,1.5051415541827244,-5.138063965369757e-14,5.254118867677587e-27
129729.72972973064,1.5051415475123084,-5.138063897201665e-14,5.258359715071681e-27
129729.72972973064,1.5051415408315296,-5.138063828982126e-14,5.247535571889029e-27
129729.72972972691,1.5051415341650278,-5.138063760893899e-14,5.227711693280958e-27
129729.72972973064,1.5051415275209385,-5.1380636930461656e-14,5.226949591907221e-27
129729.72972973064,1.5051415208476588,-5.1380636252076776e-14,5.25171191038378e-27
129729.72972973064,1.5051415141724862,-5.138063557068786e-14,5.251621844878435e-27
129729.72972972691,1.5051415075074535,-5.138063488930987e-14,5.2529458400939784e-27
129729.72972973064,1.5051415008519788,-5.138063420777126e-14,5.256728043864333e-27
129729.72972973064,1.5051414941922312,-5.1380633525773816e-14,5.256254993670113e-27
129729.72972973064,1.505141487514593,-5.138063284383376e-14,5.2651014613467085e-27
129729.72972972691,1.5051414808234336,-5.13806321608205e-14,5.266570551446185e-27
129729.72972973064,1.5051414741827125,-5.1380631477629016e-14,5.273543363837576e-27
129729.72972973064,1.5051414675050405,-5.1380630793591626e-14,5.261567886011141e-27
129729.72972973064,1.5051414608549776,-5.138063011100704e-14,5.2625253796006964e-27
129729.72972972691,1.5051414541783112,-5.1380629428306296e-14,5.265475041386792e-27
129729.72972973064,1.505141447532954,-5.138062874524772e-14,5.267032217944377e-27
129729.72972973064,1.5051414408529478,-5.138062806200023e-14,5.263494449479061e-27
129729.72972973064,1.5051414341833644,-5.138062737918193e-14,5.257952821136635e-27
129729.72972972691,1.5051414275297106,-5.138062669703591e-14,5.254362739996412e-27
129729.72972973064,1.505141420858092,-5.138062601532542e-14,5.262944245589231e-27
129729.72972973064,1.5051414141759518,-5.138062533257387e-14,5.260221207732484e-27
129729.72972973064,1.5051414075368879,-5.1380624650152664e-14,5.2409728332310526e-27
129729.72972972691,1.5051414008669437,-5.138062397006657e-14,5.243000540434436e-27
129729.72972973064,1.5051413941899234,-5.138062328973449e-14,5.2298888828600704e-27
129729.72972973064,1.5051413875211694,-5.1380622610993054e-14,5.239430581848683e-27
129729.72972973064,1.5051413808417657,-5.1380621931094066e-14,5.250388576039243e-27
129729.72972972691,1.5051413741867727,-5.138062124986571e-14,5.272040048031049e-27
129729.72972973064,1.5051413675354406,-5.138062056601071e-14,5.268431284603065e-27
129729.72972973064,1.5051413608646393,-5.138061988259351e-14,5.267350764001275e-27
129729.72972973064,1.5051413541956227,-5.138061919930739e-14,5.2525694319210795e-27
129729.72972972691,1.5051413475378284,-5.138061851781447e-14,5.232280073061222e-27
129729.72972973064,1.5051413408905499,-5.138061783878295e-14,5.233132690868693e-27
129729.72972973064,1.5051413342269762,-5.1380617159648e-14,5.236887104476975e-27
129729.72972973064,1.5051413275211607,-5.1380616480057575e-14,5.2443233700405305e-27
129729.72972973064,1.505141320862714,-5.138061579956502e-14,5.242823691788175e-27
129729.72972972691,1.50514131420834,-5.138061511925441e-14,5.237550921404402e-27
129729.72972973436,1.5051413075376958,-5.138061443958346e-14,5.238987098272729e-27
129729.72972972691,1.5051413008824701,-5.138061375973828e-14,5.2386188957095465e-27
129729.72972972691,1.505141294199755,-5.1380613079937776e-14,5.2360145279840825e-27
129729.72972973436,1.505141287552301,-5.138061240045322e-14,5.2395371201429666e-27
129729.72972972691,1.5051412808683653,-5.138061172054132e-14,5.248780501075993e-27
129729.72972972691,1.5051412742129515,-5.138061103950806e-14,5.2344711596184035e-27
129729.72972973436,1.505141267555466,-5.138061036021074e-14,5.236435983075254e-27
129729.72972972691,1.5051412608566892,-5.138060968067506e-14,5.2257791139551006e-27
129729.72972973436,1.5051412542204863,-5.138060900243221e-14,5.2389155535105834e-27
129729.72972972691,1.505141247556033,-5.138060832259572e-14,5.251394915555648e-27
129729.72972972691,1.5051412408891611,-5.13806076412453e-14,5.250069462967429e-27
129729.72972973436,1.5051412342300086,-5.138060696005568e-14,5.244702738407216e-27
129729.72972972691,1.5051412275600007,-5.138060627951712e-14,5.247037277175025e-27
129729.72972972691,1.5051412209085828,-5.1380605598695346e-14,5.254404869610625e-27
129729.72972973436,1.5051412142188696,-5.1380604916979776e-14,5.270983274949832e-27
129729.72972972691,1.5051412075779322,-5.1380604233253e-14,5.262258134919276e-27
129729.72972973436,1.5051412009040994,-5.1380603550584714e-14,5.273074005292503e-27
129729.72972972691,1.505141194223315,-5.1380602866604305e-14,5.263201643108324e-27
129729.72972972691,1.5051411875608218,-5.138060218382156e-14,5.26277709210233e-27
129729.72972973436,1.505141180890579,-5.138060150109032e-14,5.272095482022531e-27
129729.72972972691,1.5051411742307252,-5.1380600817228625e-14,5.251307898855967e-27
129729.72972972691,1.5051411675621578,-5.138060013588877e-14,5.243739353275307e-27
129729.72972973436,1.5051411608947074,-5.13805994554671e-14,5.2478890254717245e-27
129729.72972972691,1.505141154239864,-5.1380598774542004e-14,5.239354968777517e-27
129729.72972973436,1.5051411475720258,-5.138059809465222e-14,5.2482939185131694e-27
129729.72972972691,1.50514114089467,-5.1380597413678006e-14,5.2570274924067285e-27
129729.72972972691,1.5051411342593735,-5.1380596731644285e-14,5.256211896067251e-27
129729.72972973436,1.5051411275809032,-5.1380596049709506e-14,5.2414450236826516e-27
129729.72972972691,1.5051411209094385,-5.1380595369566173e-14,5.251348856756656e-27
129729.72972973436,1.5051411142559243,-5.1380594688221355e-14,5.258772621100143e-27
129729.72972972691,1.5051411075471555,-5.138059400597593e-14,5.269118694276148e-27
129729.72972972691,1.5051411009052869,-5.138059332247537e-14,5.279594103461212e-27
129729.72972973436,1.5051410942376249,-5.138059263770399e-14,5.271503273932602e-27
129729.72972972691,1.5051410875610105,-5.138059195391415e-14,5.2700725846753244e-27
129729.72972972691,1.5051410809194004,-5.1380591270297874e-14,5.2730745616821e-27
129729.72972973436,1.5051410742449223,-5.1380590586317415e-14,5.264509019217552e-27
129729.72972972691,1.5051410675873538,-5.138058990337608e-14,5.271862204076081e-27
129729.72972973436,1.5051410609327405,-5.1380589219542696e-14,5.286485187292559e-27
129729.72972972691,1.5051410542612806,-5.1380588533935334e-14,5.292043482034917e-27
129729.72972972691,1.505141047571024,-5.1380587847653667e-14,5.290414147035519e-27
129729.72972973436,1.5051410409158814,-5.138058716156966e-14,5.293638634998134e-27
129729.72972972691,1.5051410342369056,-5.1380586475094484e-14,5.2905949331029576e-27
129729.72972972691,1.5051410275878165,-5.138058578898855e-14,5.284448971148842e-27
129729.72972973436,1.5051410209384264,-5.1380585103628214e-14,5.282865817412435e-27
129729.72972972691,1.505141014257928,-5.138058441845994e-14,5.2952319041800954e-27
129729.72972973436,1.5051410075920115,-5.1380583731791476e-14,5.288341551759959e-27
129729.72972972691,1.5051410009335275,-5.1380583045958917e-14,5.279146570509983e-27
129729.72972972691,1.505140994263211,-5.1380582361241844e-14,5.270984488170576e-27
129729.72972973436,1.5051409875978368,-5.1380581677514956e-14,5.2627183489990584e-27
129729.72972972691,1.5051409809262024,-5.1380580994790874e-14,5.268215842696158e-27
129729.72972972691,1.5051409742643238,-5.1380580311399864e-14,5.2693830916653984e-27
129729.72972973436,1.5051409676118628,-5.138057962786725e-14,5.2684579938549694e-27
129729.72972972691,1.5051409609191029,-5.138057894444687e-14,5.2513671142842806e-27
129729.72972973436,1.5051409542651304,-5.138057826309986e-14,5.255068621633083e-27
129729.72972972691,1.5051409476056439,-5.138057758130381e-14,5.269214565139547e-27
129729.72972972691,1.5051409409339698,-5.138057689779164e-14,5.276193757803238e-27
129729.72972973436,1.505140934261826,-5.13805762134328e-14,5.28269668767089e-27
129729.72972972691,1.505140927598424,-5.1380575528285054e-14,5.2715742864917684e-27
129729.72972972691,1.5051409209506568,-5.1380574844486626e-14,5.2631772705619286e-27
129729.72972973436,1.5051409142815926,-5.138057416170688e-14,5.253944139748188e-27
129729.72972972691,1.5051409076066746,-5.138057348004725e-14,5.246684143246141e-27
129729.72972973436,1.505140900945164,-5.138057279926837e-14,5.2543245248539755e-27
129729.72972972691,1.5051408942702222,-5.138057211756259e-14,5.252896483521786e-27
129729.72972972691,1.505140887591824,-5.138057143603006e-14,5.26665913192238e-27
129729.72972973436,1.5051408809366558,-5.138057075282792e-14,5.2685343818026044e-27
129729.72972972691,1.505140874262169,-5.138057006939828e-14,5.267021642065012e-27
129729.72972973436,1.5051408676049267,-5.138056938615216e-14,5.263093088366237e-27
129729.72972972691,1.505140860951415,-5.1380568703382635e-14,5.255851562029329e-27
129729.72972972691,1.5051408542941271,-5.1380568021491616e-14,5.2652378647044994e-27
129729.72972973436,1.5051408475978965,-5.13805673384619e-14,5.264239708288645e-27
129729.72972972691,1.505140840944048,-5.138056665555327e-14,5.2480506936444554e-27
129729.72972972691,1.505140834268741,-5.1380565974608615e-14,5.244921136881035e-27
129729.72972973436,1.5051408276209173,-5.138056529404362e-14,5.2501473984694745e-27
129729.72972972691,1.505140820960474,-5.13805646128446e-14,5.261933927474478e-27
129729.72972973436,1.5051408142944511,-5.138056393021571e-14,5.260612145000126e-27
129729.72972972691,1.5051408076039954,-5.138056324774717e-14,5.2452714162180274e-27
129729.72972972691,1.5051408009678366,-5.138056256713968e-14,5.2493039907725325e-27
129729.72972973436,1.5051407942879487,-5.138056188604299e-14,5.246205250805641e-27
129729.72972972691,1.5051407876260172,-5.1380561205322215e-14,5.2507946102341536e-27
129729.72972972691,1.5051407809551594,-5.138056052404469e-14,5.2234344013455225e-27
129729.72972973436,1.5051407742887586,-5.138055984608636e-14,5.2220788950190046e-27
129729.72972972691,1.5051407676451138,-5.138055916829248e-14,5.216054094739155e-27
129729.72972973436,1.505140760958892,-5.1380558491229496e-14,5.2071946464933136e-27
129729.72972972691,1.5051407542923614,-5.1380557815241296e-14,5.2217429985064946e-27
129729.72972972691,1.5051407476393182,-5.138055713748816e-14,5.2317967852042516e-27
129729.72972973436,1.5051407409668425,-5.138055645851536e-14,5.239078847104404e-27
129729.72972972691,1.505140734314001,-5.1380555778659134e-14,5.2568710183074595e-27
129729.72972972691,1.505140727645487,-5.138055509664445e-14,5.2481996255637046e-27
129729.72972973436,1.505140720973863,-5.1380554415681746e-14,5.260451739874471e-27
129729.72972972691,1.5051407143045368,-5.1380553733232674e-14,5.2647336154359946e-27
129729.72972973436,1.5051407076394618,-5.1380553050264146e-14,5.2819074424909636e-27
129729.72972972691,1.505140700956363,-5.138055236521218e-14,5.280164831999998e-27
129729.72972972691,1.5051406942997443,-5.138055168037162e-14,5.280878766935799e-27
129729.72972973436,1.5051406876365412,-5.1380550995444454e-14,5.2739746405018645e-27
129729.72972972691,1.5051406809717462,-5.138055031135486e-14,5.275217276986374e-27
129729.72972973436,1.5051406743138007,-5.138054962711452e-14,5.283146231353939e-27
129729.72972972691,1.5051406676368824,-5.138054894191228e-14,5.274192891647898e-27
129729.72972972691,1.505140660977522,-5.138054825779621e-14,5.2719849414707554e-27
129729.72972973436,1.5051406543051866,-5.1380547573948e-14,5.2582061402408834e-27
129729.72972972691,1.505140647649934,-5.1380546891771364e-14,5.2586813759945956e-27
129729.72972972691,1.5051406409965602,-5.1380546209537076e-14,5.292967682570195e-27
129729.72972973436,1.505140634313239,-5.138054552314335e-14,5.28325259133524e-27
129729.72972972691,1.5051406276444694,-5.138054483792821e-14,5.285528889663219e-27
129729.72972973436,1.5051406210154679,-5.1380544152436926e-14,5.28678573346256e-27
129729.72972972691,1.505140614318454,-5.138054346679316e-14,5.2887557327445646e-27
129729.72972972691,1.5051406076418319,-5.138054278091041e-14,5.285655694096779e-27
129729.72972973436,1.5051406009951889,-5.138054209540375e-14,5.27716484751714e-27
129729.72972972691,1.5051405943410117,-5.1380541410927145e-14,5.273612867848788e-27
129729.72972972691,1.5051405876595618,-5.138054072688145e-14,5.249167789335136e-27
129729.72972973436,1.5051405809988956,-5.138054004580131e-14,5.252812694701124e-27
129729.72972972691,1.5051405743294946,-5.138053936427899e-14,5.259063019420006e-27
129729.72972973436,1.505140567678111,-5.1380538681998414e-14,5.2546000638631615e-27
129729.72972972691,1.5051405609957584,-5.138053800025926e-14,5.248360101798622e-27
129729.72972972691,1.5051405543413385,-5.138053731927711e-14,5.253325965714276e-27
129729.72972973436,1.5051405476526267,-5.138053663769253e-14,5.2673912027309555e-27
129729.72972972691,1.505140540990961,-5.138053595440162e-14,5.2708518981575566e-27
129729.72972972691,1.5051405343290007,-5.138053527069088e-14,5.2741594809341514e-27
129729.72972973436,1.5051405276687415,-5.1380534586578885e-14,5.2715004027065526e-27
129729.72972972691,1.5051405210262179,-5.1380533902789475e-14,5.260625380573731e-27
129729.72972973436,1.505140514337835,-5.138053322031937e-14,5.262727012212373e-27
129729.72972972691,1.505140507679405,-5.13805325375943e-14,5.268539923796669e-27
129729.72972972691,1.5051405010089094,-5.1380531854164045e-14,5.2691666864376514e-27
129729.72972973436,1.505140494327618,-5.1380531170657754e-14,5.278406576284077e-27
129729.72972972691,1.5051404876794736,-5.138053048603053e-14,5.28905616839215e-27
129729.72972973436,1.5051404810207125,-5.138052980011135e-14,5.296012569295184e-27
129729.72972972691,1.5051404743214918,-5.138052911334826e-14,5.2782486383308235e-27
129729.72972972691,1.5051404676783686,-5.1380528428740194e-14,5.283435981974638e-27
129729.72972973436,1.5051404610045211,-5.1380527743502833e-14,5.287447834102222e-27
129729.72972972691,1.505140454333747,-5.1380527057778777e-14,5.26322105082909e-27
129729.72972972691,1.505140447698568,-5.138052637499379e-14,5.2616388617092e-27
129729.72972973436,1.5051404410181086,-5.1380525692400746e-14,5.2741866297736486e-27
129729.72972972691,1.5051404343503276,-5.1380525008285474e-14,5.26477725573642e-27
129729.72972973436,1.50514042767045,-5.1380524325311695e-14,5.260135955791758e-27
129729.72972972691,1.5051404210094173,-5.138052364290098e-14,5.269072958869692e-27
129729.72972972691,1.5051404143615505,-5.1380522959406075e-14,5.2590918213678544e-27
129729.72972973436,1.5051404076670387,-5.1380522277122026e-14,5.26447068956167e-27
129729.72972972691,1.5051404010492744,-5.1380521594185444e-14,5.2543931778284214e-27
129729.72972972691,1.505140394364443,-5.1380520912471413e-14,5.276061512716218e-27
129729.72972973436,1.5051403877007226,-5.1380520228128696e-14,5.248473374216336e-27
129729.72972972691,1.5051403810378545,-5.1380519547132826e-14,5.253254847154249e-27
129729.72972973436,1.5051403743474907,-5.1380518865556896e-14,5.2400283713983596e-27
129729.72972972691,1.5051403677052118,-5.1380518185585535e-14,5.2325194841114665e-27
129729.72972972691,1.5051403610393297,-5.138051750652511e-14,5.2351179009335215e-27
129729.72972973436,1.5051403543595678,-5.138051682714947e-14,5.2343804089821256e-27
129729.72972972691,1.5051403477019827,-5.138051614786329e-14,5.241020929349085e-27
129729.72972972691,1.5051403410335598,-5.138051546777152e-14,5.238924582298984e-27
129729.72972973436,1.505140334369602,-5.138051478793407e-14,5.230285623944043e-27
129729.72972972691,1.5051403276948383,-5.1380514109144655e-14,5.237284324794071e-27
129729.72972973436,1.505140321047024,-5.1380513429506194e-14,5.246180919006481e-27
129729.72972972691,1.5051403143749853,-5.1380512748788444e-14,5.25414463643678e-27
129729.72972972691,1.5051403077058707,-5.138051206710458e-14,5.258204386922609e-27
129729.72972973436,1.5051403010322233,-5.138051138492821e-14,5.262261501020737e-27
129729.72972972691,1.5051402943845353,-5.138051070225965e-14,5.268842948891381e-27
129729.72972972691,1.5051402877094584,-5.138051001879266e-14,5.272502392224842e-27
129729.72972973436,1.5051402810344547,-5.138050933488173e-14,5.2790378387379285e-27
129729.72972972691,1.5051402743781392,-5.1380508650177954e-14,5.2844484163065904e-27
129729.72972973436,1.5051402677128023,-5.1380507964817796e-14,5.266197348013494e-27
129729.72972972691,1.5051402610459133,-5.138050728167176e-14,5.2692395274405694e-27
129729.72972972691,1.5051402543824608,-5.138050659815667e-14,5.2580448915309726e-27
129729.72972973436,1.505140247698822,-5.138050591599965e-14,5.270344524623877e-27
129729.72972972691,1.505140241058892,-5.1380505232350506e-14,5.264464854656431e-27
129729.72972973436,1.5051402343774394,-5.1380504549414656e-14,5.2786672824181e-27
129729.72972972691,1.5051402277214978,-5.138050386475584e-14,5.264153458320137e-27
129729.72972972691,1.5051402210413583,-5.1380503181857766e-14,5.25970947501474e-27
129729.72972973436,1.505140214383599,-5.138050249949882e-14,5.272012452801666e-27
129729.72972972691,1.5051402076998832,-5.1380501815647336e-14,5.268062787052722e-27
129729.72972972691,1.5051402010641215,-5.1380501132275006e-14,5.272085000256049e-27
129729.72972973436,1.5051401943833378,-5.1380500448414725e-14,5.267730900623545e-27
129729.72972972691,1.5051401877301043,-5.138049976508266e-14,5.279119159229941e-27
129729.72972973436,1.505140181049111,-5.138049908036903e-14,5.269609508740985e-27
129729.72972972691,1.5051401743865345,-5.1380498396809067e-14,5.2682575852199665e-27
129729.72972972691,1.5051401677153513,-5.138049771341311e-14,5.2639115313419405e-27
129729.72972973436,1.5051401610809367,-5.1380497030544394e-14,5.2743337196606004e-27
129729.72972972691,1.505140154394166,-5.138049634641132e-14,5.2802236523876685e-27
129729.72972972691,1.505140147733636,-5.1380495661563706e-14,5.2797194459703824e-27
129729.72972973436,1.5051401410504064,-5.1380494976777264e-14,5.293768543206279e-27
129729.72972972691,1.5051401343834854,-5.138049429028646e-14,5.2864748131928076e-27
129729.72972973436,1.505140127726016,-5.138049360468049e-14,5.278872038633799e-27
129729.72972972691,1.5051401210617157,-5.1380492919996855e-14,5.2884537986487316e-27
129729.72972972691,1.50514011441018,-5.138049223415081e-14,5.284336896768149e-27
129729.72972973436,1.5051401077321895,-5.1380491548804206e-14,5.268514910889552e-27
129729.72972972691,1.5051401010740553,-5.138049086537705e-14,5.262656522464903e-27
129729.72972972691,1.505140094387816,-5.1380490182660595e-14,5.2754190106481225e-27
129729.72972973436,1.5051400877614463,-5.138048949839587e-14,5.28189167529568e-27
129729.72972972691,1.5051400810688187,-5.138048881334591e-14,5.277495844680644e-27
129729.72972973436,1.5051400743958319,-5.138048812882923e-14,5.258245840039277e-27
129729.72972972691,1.5051400677437357,-5.138048744664787e-14,5.258991490303508e-27
129729.72972972691,1.5051400610975898,-5.1380486764376044e-14,5.274813744351568e-27
129729.72972973436,1.5051400544054194,-5.138048608018475e-14,5.2815135412558704e-27
129729.72972972691,1.5051400477342862,-5.138048539518067e-14,5.290353764643756e-27
129729.72972973436,1.505140041098414,-5.1380484709104145e-14,5.297548787550433e-27
129729.72972972691,1.5051400344230768,-5.1380484022154754e-14,5.286537160503328e-27
129729.72972972691,1.5051400277513833,-5.138048333654124e-14,5.290363290446257e-27
129729.72972973436,1.5051400210787378,-5.138048265046356e-14,5.2726997629466344e-27
129729.72972972691,1.5051400144207534,-5.1380481966528726e-14,5.281505704053601e-27
129729.72972972691,1.505140007741305,-5.1380481281525606e-14,5.296868740763192e-27
129729.72972973436,1.5051400010816354,-5.1380480594658724e-14,5.2757574554406856e-27
129729.72972972691,1.5051399944093944,-5.138047991035295e-14,5.2780302005062155e-27
129729.72972973436,1.5051399877537472,-5.138047922577146e-14,5.256270013672472e-27
129729.72972972691,1.5051399810876023,-5.13804785438298e-14,5.263574897094456e-27
129729.72972972691,1.5051399744223917,-5.138047786100196e-14,5.2560731468258516e-27
129729.72972973436,1.5051399677617103,-5.1380477179084186e-14,5.2517005577296776e-27
129729.72972972691,1.5051399610911447,-5.138047649769688e-14,5.237668741957335e-27
129729.72972972691,1.5051399544443793,-5.1380475818011834e-14,5.247377385389769e-27
129729.72972973436,1.50513994774673,-5.138047513714899e-14,5.244370358556581e-27
129729.72972972691,1.5051399411016555,-5.138047445665095e-14,5.238424479301759e-27
129729.72972973436,1.5051399344256686,-5.138047377687423e-14,5.238493333256072e-27
129729.72972972691,1.5051399277733135,-5.138047309708916e-14,5.229559876347004e-27
129729.72972972691,1.5051399211039134,-5.1380472418387844e-14,5.2432172086616394e-27
129729.72972973436,1.505139914429884,-5.1380471738029695e-14,5.2613439911511306e-27
129729.72972972691,1.5051399077598788,-5.13804710554725e-14,5.257341005618332e-27
129729.72972972691,1.5051399010964663,-5.1380470373400925e-14,5.252691312276606e-27
129729.72972973436,1.505139894437325,-5.138046969189343e-14,5.247529002617962e-27
129729.72972972691,1.5051398877590592,-5.1380469011012203e-14,5.247756855239461e-27
129729.72972973436,1.5051398811007988,-5.1380468330103335e-14,5.258337512004092e-27
129729.72972972691,1.505139874444486,-5.1380467647910876e-14,5.255596948097972e-27
129729.72972972691,1.5051398678008965,-5.138046696605089e-14,5.265927110096213e-27
129729.72972973436,1.5051398611153202,-5.13804662829377e-14,5.269366940407961e-27
129729.72972972691,1.5051398544427304,-5.1380465599407214e-14,5.2668301969107615e-27
129729.72972972691,1.5051398477799134,-5.138046491618447e-14,5.272243079804689e-27
129729.72972973436,1.5051398411286872,-5.138046423230507e-14,5.270965322232992e-27
129729.72972972691,1.5051398344532545,-5.1380463548580673e-14,5.268821793300893e-27
129729.72972973436,1.5051398277946961,-5.1380462865116324e-14,5.259027874110653e-27
129729.72972972691,1.5051398211114215,-5.138046218284012e-14,5.263109501627647e-27
129729.72972972691,1.5051398144431294,-5.138046150006876e-14,5.2612481769908606e-27
129729.72972973436,1.5051398077732498,-5.1380460817523204e-14,5.263545532288651e-27
129729.72972972691,1.50513980112579,-5.1380460134698943e-14,5.2565600429612354e-27
129729.72972973436,1.5051397944554008,-5.138045945272213e-14,5.2613388356122016e-27
129729.72972972691,1.5051397877926076,-5.1380458770165575e-14,5.247155517680215e-27
129729.72972972691,1.505139781118566,-5.138045808932967e-14,5.2322607277928124e-27
129729.72972973436,1.505139774475415,-5.138045741030073e-14,5.2274464453493725e-27
129729.72972972691,1.505139767791521,-5.138045673185583e-14,5.2471523407561414e-27
129729.72972972691,1.5051397611384016,-5.1380456051020315e-14,5.24344578701914e-27
129729.72972973436,1.5051397544635894,-5.138045537063446e-14,5.244187129837082e-27
129729.72972972691,1.5051397477817798,-5.138045469015867e-14,5.241255439866699e-27
129729.72972973436,1.5051397411402208,-5.1380454010038544e-14,5.250993796977826e-27
129729.72972972691,1.5051397344596185,-5.1380453328737005e-14,5.246982424487546e-27
129729.72972972691,1.5051397277971312,-5.1380452647922106e-14,5.2354281442933084e-27
129729.72972973436,1.5051397211392812,-5.138045196850892e-14,5.239412720474485e-27
129729.72972972691,1.5051397144690803,-5.138045128861234e-14,5.236424481134099e-27
129729.72972972691,1.505139707827909,-5.138045060907828e-14,5.2386946482981794e-27
129729.72972973436,1.5051397011423087,-5.138044992926882e-14,5.2484277880809084e-27
129729.72972972691,1.5051396944567306,-5.138044924827858e-14,5.2346760379703114e-27
129729.72972973436,1.5051396878070613,-5.138044856895664e-14,5.240256679173173e-27
129729.72972972691,1.5051396811227367,-5.138044788895768e-14,5.255786023185163e-27
129729.72972972691,1.505139674477311,-5.138044720707478e-14,5.244059067654633e-27
129729.72972973436,1.5051396678041384,-5.138044652661454e-14,5.238776545194701e-27
129729.72972972691,1.505139661130784,-5.1380445846795147e-14,5.244214654676896e-27
129729.72972972691,1.505139654479097,-5.138044516631603e-14,5.248211997489515e-27
129729.72972973436,1.5051396478069101,-5.138044448535198e-14,5.2607348973114575e-27
129729.72972972691,1.5051396411320508,-5.1380443802868715e-14,5.260662147510357e-27
129729.72972973436,1.5051396344887094,-5.138044312039428e-14,5.259822818625362e-27
129729.72972972691,1.505139627812128,-5.1380442438021663e-14,5.26037134699058e-27
129729.72972972691,1.5051396211483965,-5.1380441755582506e-14,5.2621132207637156e-27
129729.72972973436,1.5051396144904687,-5.1380441072932034e-14,5.269719210694123e-27
129729.72972972691,1.5051396078225392,-5.138044038935884e-14,5.292017657588481e-27
129729.72972973436,1.5051396011664377,-5.138043970308052e-14,5.290060080073606e-27
129729.72972972691,1.5051395944893897,-5.138043901703968e-14,5.275523681920812e-27
129729.72972972691,1.5051395878182525,-5.1380438332762325e-14,5.266079624916966e-27
129729.72972972691,1.5051395811697272,-5.1380437649630674e-14,5.2679780790762815e-27
129729.72972974181,1.5051395745231315,-5.138043696626871e-14,5.281505647714342e-27
129729.72972972691,1.505139567813454,-5.138043628126566e-14,5.28314256732218e-27
129729.72972972691,1.5051395611704816,-5.138043559606403e-14,5.275019701743983e-27
129729.72972972691,1.5051395544830972,-5.138043491184782e-14,5.286367642184647e-27
129729.72972972691,1.5051395478398366,-5.1380434226254934e-14,5.295777209448145e-27
129729.72972972691,1.5051395411712511,-5.1380433539520535e-14,5.2916175233236136e-27
129729.72972974181,1.5051395345106293,-5.138043285329077e-14,5.276103950405293e-27
129729.72972972691,1.5051395278433237,-5.138043216894303e-14,5.254048446232782e-27
129729.72972972691,1.505139521168855,-5.1380431487270946e-14,5.269326415136632e-27
129729.72972972691,1.505139514503037,-5.1380430803745426e-14,5.276496459521772e-27
129729.72972972691,1.5051395078484258,-5.138043011935007e-14,5.256923945756358e-27
129729.72972974181,1.5051395011764785,-5.138042943732915e-14,5.256045137154503e-27
129729.72972972691,1.5051394945022272,-5.1380428755414847e-14,5.2511848163206385e-27
129729.72972972691,1.5051394878298188,-5.138042807409017e-14,5.266839224491784e-27
129729.72972972691,1.5051394811689793,-5.138042739086639e-14,5.2716667185055424e-27
129729.72972972691,1.5051394745216111,-5.138042670705696e-14,5.282872868043318e-27
129729.72972974181,1.5051394678628867,-5.138042602188806e-14,5.273892742570177e-27
129729.72972972691,1.5051394611712714,-5.138042533780858e-14,5.284066134464255e-27
129729.72972972691,1.505139454511068,-5.138042465249492e-14,5.2858586641475994e-27
129729.72972972691,1.5051394478404554,-5.13804239669638e-14,5.282862314600841e-27
129729.72972972691,1.5051394411714953,-5.1380423281796183e-14,5.287132544609955e-27
129729.72972972691,1.5051394345308455,-5.138042259611052e-14,5.290071853920387e-27
129729.72972974181,1.5051394278590715,-5.138042191006828e-14,5.285239521580504e-27
129729.72972972691,1.5051394211942086,-5.138042122461228e-14,5.270264974855547e-27
129729.72972972691,1.5051394145300137,-5.138042054097291e-14,5.2608629417296594e-27
129729.72972972691,1.505139407849565,-5.138041985847415e-14,5.269155383608555e-27
129729.72972972691,1.5051394011848527,-5.138041917496939e-14,5.288224964828007e-27
129729.72972974181,1.5051393945215228,-5.1380418489151214e-14,5.2948467387449505e-27
129729.72972972691,1.5051393878580193,-5.138041780252972e-14,5.291180599963127e-27
129729.72972972691,1.5051393811809675,-5.138041711635298e-14,5.294355763335188e-27
129729.72972972691,1.5051393745150454,-5.1380416429791047e-14,5.291206598127047e-27
129729.72972972691,1.5051393678699652,-5.1380415743611155e-14,5.280664695198534e-27
129729.72972974181,1.5051393611936044,-5.138041505871015e-14,5.276007331390029e-27
129729.72972972691,1.5051393545395375,-5.138041437437416e-14,5.2670443969467744e-27
129729.72972972691,1.5051393478680444,-5.1380413691125506e-14,5.263372175060682e-27
129729.72972972691,1.505139341184825,-5.138041300832235e-14,5.256056037972728e-27
129729.72972972691,1.5051393345371147,-5.138041232640675e-14,5.265298351494722e-27
129729.72972974181,1.5051393278534075,-5.138041164336992e-14,5.261433914391518e-27
129729.72972972691,1.5051393211860427,-5.1380410960801905e-14,5.260899129966799e-27
129729.72972972691,1.5051393145230854,-5.138041027829877e-14,5.2599101462442906e-27
129729.72972972691,1.5051393078587176,-5.138040959591561e-14,5.2562657680170686e-27
129729.72972972691,1.5051393012142265,-5.138040891397457e-14,5.246866619713459e-27
129729.72972972691,1.5051392945414752,-5.138040823317379e-14,5.2490901687508005e-27
129729.72972974181,1.5051392878465037,-5.138040755210326e-14,5.2593414631929155e-27
129729.72972972691,1.505139281210496,-5.13804068697891e-14,5.241565133008007e-27
129729.72972972691,1.5051392745302639,-5.1380406189631465e-14,5.233447688948084e-27
129729.72972972691,1.5051392678603828,-5.13804055104586e-14,5.238583028576866e-27
129729.72972972691,1.5051392612157612,-5.1380404830662746e-14,5.23016045752193e-27
129729.72972974181,1.505139254538229,-5.1380404151888674e-14,5.252187831700536e-27
129729.72972972691,1.5051392478732661,-5.138040347044236e-14,5.2629291528046434e-27
129729.72972972691,1.505139241217068,-5.138040278769296e-14,5.265857971934576e-27
129729.72972972691,1.5051392345477408,-5.1380402104588247e-14,5.2528104691132265e-27
129729.72972972691,1.5051392278782574,-5.1380401423066395e-14,5.2467689761810554e-27
129729.72972974181,1.5051392212199928,-5.1380400742277465e-14,5.2384042085703714e-27
129729.72972972691,1.5051392145451004,-5.1380400062503307e-14,5.240876858186579e-27
129729.72972972691,1.5051392078888366,-5.1380399382429185e-14,5.2256513204586905e-27
129729.72972972691,1.5051392012309135,-5.138039870420215e-14,5.242481787017514e-27
129729.72972972691,1.5051391945590085,-5.138039802393332e-14,5.23788472508618e-27
129729.72972974181,1.5051391878837947,-5.138039734422219e-14,5.240632316984746e-27
129729.72972972691,1.5051391812234973,-5.138039666417774e-14,5.251054644176008e-27
129729.72972972691,1.505139174573606,-5.1380395982868903e-14,5.2524060339242075e-27
129729.72972972691,1.5051391678925767,-5.1380395301396125e-14,5.2773765411640615e-27
129729.72972972691,1.5051391612156169,-5.138039461689405e-14,5.2703083181014915e-27
129729.72972972691,1.50513915457318,-5.1380393933249464e-14,5.2618476496200296e-27
129729.72972974181,1.5051391478834018,-5.138039325063128e-14,5.266001659873572e-27
129729.72972972691,1.5051391412281174,-5.138039256750915e-14,5.2737985611917305e-27
129729.72972972691,1.5051391345591842,-5.138039188344115e-14,5.265637610367235e-27
129729.72972972691,1.505139127885606,-5.138039120036319e-14,5.267485676657001e-27
129729.72972972691,1.5051391212333658,-5.138039051706103e-14,5.264737537708214e-27
129729.72972974181,1.5051391145641788,-5.138038983409226e-14,5.24747266723186e-27
129729.72972972691,1.505139107902051,-5.1380389153217983e-14,5.250891111809481e-27
129729.72972972691,1.505139101223925,-5.1380388471929e-14,5.228223817141494e-27
129729.72972972691,1.5051390945530507,-5.138038779338989e-14,5.22653569502067e-27
129729.72972972691,1.5051390879202593,-5.138038711505558e-14,5.2369502847130636e-27
129729.72972974181,1.5051390812286862,-5.1380386435457825e-14,5.237930406752774e-27
129729.72972972691,1.50513907458205,-5.1380385755741165e-14,5.246387910296911e-27
129729.72972972691,1.5051390679252095,-5.138038507499849e-14,5.249267034456887e-27
129729.72972972691,1.5051390612348228,-5.1380384393906534e-14,5.241279831432192e-27
129729.72972972691,1.505139054577336,-5.138038371378355e-14,5.252352241609872e-27
129729.72972972691,1.505139047917088,-5.1380383032317314e-14,5.258300439453302e-27
129729.72972974181,1.5051390412452734,-5.1380382350129474e-14,5.2463839578507496e-27
129729.72972972691,1.5051390345868365,-5.138038166938728e-14,5.236738082119195e-27
129729.72972972691,1.5051390279222174,-5.138038098981528e-14,5.256354600406058e-27
129729.72972972691,1.5051390212500277,-5.13803803078635e-14,5.267669920057797e-27
129729.72972972691,1.5051390145898884,-5.1380379624539007e-14,5.249563067534267e-27
129729.72972974181,1.5051390079094138,-5.1380378943411144e-14,5.2582237937073906e-27
129729.72972972691,1.505139001263575,-5.138037826123261e-14,5.2649033790871476e-27
129729.72972972691,1.5051389945916136,-5.138037757824374e-14,5.2643871934125305e-27
129729.72972972691,1.5051389879220543,-5.1380376895317495e-14,5.264044451007626e-27
129729.72972972691,1.5051389812517182,-5.138037621243283e-14,5.2681547587440495e-27
129729.72972974181,1.5051389745993893,-5.138037552904953e-14,5.2775440872593024e-27
129729.72972972691,1.505138967929605,-5.138037484452716e-14,5.2865559548642695e-27
129729.72972972691,1.5051389612417363,-5.138037415891152e-14,5.292424826104185e-27
129729.72972972691,1.5051389545681046,-5.1380373472583893e-14,5.2726458824924426e-27
129729.72972972691,1.5051389479358424,-5.138037278865575e-14,5.273204697907766e-27
129729.72972974181,1.5051389412687934,-5.138037210465982e-14,5.26887760110076e-27
129729.72972972691,1.5051389346046276,-5.138037142118883e-14,5.254408485674516e-27
129729.72972972691,1.5051389279069007,-5.138037073947316e-14,5.244374716508026e-27
129729.72972972691,1.5051389212483384,-5.138037005897473e-14,5.2257134885911374e-27
129729.72972972691,1.5051389145995586,-5.138036938074019e-14,5.233271457459108e-27
129729.72972972691,1.50513890793086,-5.138036870158876e-14,5.2228157077149295e-27
129729.72972974181,1.5051389012802352,-5.1380368023705764e-14,5.2172566529053526e-27
129729.72972972691,1.5051388946014523,-5.1380367346497164e-14,5.2268696414215705e-27
129729.72972972691,1.5051388879224081,-5.138036666812237e-14,5.2314898750642126e-27
129729.72972972691,1.5051388812695399,-5.138036598918707e-14,5.25200882087231e-27
129729.72972972691,1.5051388745893362,-5.138036530776252e-14,5.264772457501187e-27
129729.72972974181,1.5051388679226023,-5.138036462478956e-14,5.261241207210819e-27
129729.72972972691,1.5051388612823713,-5.1380363942244983e-14,5.2574021535155265e-27
129729.72972972691,1.5051388546305242,-5.1380363260166146e-14,5.266586875999807e-27
129729.72972972691,1.5051388479462031,-5.1380362576973064e-14,5.2636522222111215e-27
129729.72972972691,1.5051388412834645,-5.1380361894136005e-14,5.2677144173823975e-27
129729.72972974181,1.505138834627793,-5.138036121080614e-14,5.277851863303433e-27
129729.72972972691,1.505138827934386,-5.1380360526246456e-14,5.270369634984794e-27
129729.72972972691,1.5051388212870678,-5.138035984259448e-14,5.257756510068251e-27
129729.72972972691,1.505138814618954,-5.1380359160472657e-14,5.260208273904855e-27
129729.72972972691,1.505138807942666,-5.1380358478053403e-14,5.2527590679375874e-27
129729.72972972691,1.5051388012855575,-5.138035779653785e-14,5.249838064665704e-27
129729.72972974181,1.5051387946095791,-5.138035711537666e-14,5.242572922775535e-27
129729.72972972691,1.5051387879389897,-5.1380356435096835e-14,5.231097861835119e-27
129729.72972972691,1.5051387812792374,-5.138035575620911e-14,5.241422145841464e-27
129729.72972972691,1.5051387746229372,-5.1380355076068895e-14,5.253790685008727e-27
129729.72972972691,1.5051387679742423,-5.13803543944282e-14,5.2559893930304315e-27
129729.72972974181,1.5051387612886007,-5.138035371252076e-14,5.251057709442335e-27
129729.72972972691,1.5051387546055464,-5.1380353031211614e-14,5.255953018030089e-27
129729.72972972691,1.5051387479616312,-5.138035234930859e-14,5.261058863526357e-27
129729.72972972691,1.5051387412930883,-5.1380351666786155e-14,5.25571990385378e-27
129729.72972972691,1.505138734637795,-5.138035098491142e-14,5.252062980164318e-27
129729.72972974181,1.5051387279588617,-5.1380350303480317e-14,5.238348205746753e-27
129729.72972972691,1.5051387212902978,-5.1380349623713024e-14,5.24609670034659e-27
129729.72972972691,1.5051387146281514,-5.1380348943005725e-14,5.24566004893105e-27
129729.72972972691,1.50513870795553,-5.13803482623514e-14,5.252994049756166e-27
129729.72972972691,1.505138701313847,-5.1380347580807353e-14,5.253970848337391e-27
129729.72972974181,1.505138694632046,-5.138034689914481e-14,5.245060549877881e-27
129729.72972972691,1.5051386879754864,-5.1380346218563215e-14,5.242651634646344e-27
129729.72972972691,1.505138681324944,-5.138034553827386e-14,5.2475353618524755e-27
129729.72972972691,1.5051386746424762,-5.1380344857392034e-14,5.255339753726615e-27
129729.72972972691,1.5051386679633763,-5.1380344175563423e-14,5.2272261596891955e-27
129729.72972972691,1.5051386613211928,-5.138034349714541e-14,5.2216673292034796e-27
129729.72972974181,1.505138654642597,-5.138034281940177e-14,5.216748517443638e-27
129729.72972972691,1.5051386479805933,-5.138034214225485e-14,5.217076018933931e-27
129729.72972972691,1.5051386413197234,-5.13803414650682e-14,5.221457605852699e-27
129729.72972972691,1.505138634657238,-5.138034078735e-14,5.228827294718112e-27
129729.72972972691,1.5051386279769792,-5.138034010873775e-14,5.230228171092661e-27
129729.72972974181,1.505138621315424,-5.138033942995555e-14,5.2323329554282746e-27
129729.72972972691,1.505138614658142,-5.138033875091801e-14,5.241614476310926e-27
129729.72972972691,1.5051386079893996,-5.138033807075448e-14,5.2355307985041415e-27
129729.72972972691,1.505138601330211,-5.1380337391329e-14,5.241048432641644e-27
129729.72972972691,1.5051385946491267,-5.1380336711234146e-14,5.253041673070254e-27
129729.72972974181,1.5051385880134294,-5.138033602968434e-14,5.249837355037637e-27
129729.72972972691,1.5051385813143618,-5.138033534852326e-14,5.253770462762081e-27
129729.72972972691,1.5051385746590242,-5.1380334666885037e-14,5.252267565077318e-27
129729.72972972691,1.5051385680144027,-5.138033398542914e-14,5.257620029515621e-27
129729.72972972691,1.5051385613331454,-5.138033330332391e-14,5.247010208178081e-27
129729.72972974181,1.5051385546495373,-5.138033262250581e-14,5.2444370294580695e-27
129729.72972972691,1.5051385479995907,-5.138033194199988e-14,5.236918903182056e-27
129729.72972972691,1.5051385413337148,-5.1380331262406005e-14,5.235411120537645e-27
129729.72972972691,1.5051385346691297,-5.138033058299505e-14,5.242798426323482e-27
129729.72972972691,1.5051385280017957,-5.1380329902687906e-14,5.242145747095594e-27
129729.72972972691,1.5051385213195632,-5.1380329222459945e-14,5.237952576840861e-27
129729.72972974181,1.5051385146719372,-5.138032854274068e-14,5.2489312391012915e-27
129729.72972972691,1.505138508006574,-5.138032786168954e-14,5.246350937796667e-27
129729.72972972691,1.5051385013322944,-5.138032718095142e-14,5.266817519885894e-27
129729.72972972691,1.5051384946839954,-5.138032649773041e-14,5.266381082543646e-27
129729.72972972691,1.5051384880120686,-5.138032581456234e-14,5.2814828864522016e-27
129729.72972974181,1.5051384813629611,-5.138032512956221e-14,5.287022150722772e-27
129729.72972972691,1.5051384746751366,-5.138032444389008e-14,5.275273987705533e-27
129729.72972972691,1.5051384679985023,-5.138032375964317e-14,5.280478656246182e-27
129729.72972972691,1.5051384613329628,-5.138032307476487e-14,5.27784564089544e-27
129729.72972972691,1.5051384546658373,-5.138032239020599e-14,5.261755164490067e-27
129729.72972974181,1.5051384480143888,-5.138032170759913e-14,5.282887996396257e-27
129729.72972972691,1.5051384413217535,-5.1380321022428537e-14,5.288558558593413e-27
129729.72972972691,1.5051384346769225,-5.1380320336570027e-14,5.282446893615031e-27
129729.72972972691,1.5051384280292,-5.138031965145295e-14,5.281018143740938e-27
129729.72972972691,1.505138421333836,-5.1380318966509204e-14,5.274358390409631e-27
129729.72972972691,1.505138414695049,-5.1380318282373383e-14,5.268923206518353e-27
129729.72972974181,1.5051384080157582,-5.1380317598896936e-14,5.2773197394859506e-27
129729.72972972691,1.5051384013312277,-5.138031691440186e-14,5.267379780585845e-27
129729.72972972691,1.5051383946765515,-5.138031623111265e-14,5.256951162863677e-27
129729.72972972691,1.5051383880226477,-5.1380315549088594e-14,5.2623800862689996e-27
129729.72972972691,1.5051383813433343,-5.1380314866405924e-14,5.278481208607969e-27
129729.72972974181,1.5051383746880578,-5.138031418176995e-14,5.266610825986745e-27
129729.72972972691,1.5051383680231778,-5.138031349857404e-14,5.271137297617154e-27
129729.72972972691,1.5051383613509524,-5.138031281482899e-14,5.269441757713971e-27
129729.72972972691,1.5051383546959127,-5.1380312131289646e-14,5.262597814132075e-27
129729.72972972691,1.505138348009067,-5.138031144858057e-14,5.258598929087562e-27
129729.72972974181,1.5051383413534976,-5.138031076635662e-14,5.2583675794107104e-27
129729.72972972691,1.5051383347155938,-5.1380310084160735e-14,5.281692129515261e-27
129729.72972972691,1.5051383280262218,-5.138030939913524e-14,5.275377090443643e-27
129729.72972972691,1.5051383213709522,-5.138030871487585e-14,5.269162780321632e-27
129729.72972972691,1.5051383147043014,-5.138030803137035e-14,5.260489416688187e-27
129729.72972974181,1.5051383080394543,-5.138030734891706e-14,5.270256715611926e-27
129729.72972972691,1.5051383013784683,-5.138030666527885e-14,5.2567396438404214e-27
129729.72972972691,1.50513829471775,-5.1380305983280465e-14,5.2702157021144056e-27
129729.72972972691,1.5051382880340731,-5.138030529964724e-14,5.276065887617558e-27
129729.72972972691,1.5051382813811176,-5.138030461530429e-14,5.268404694075172e-27
129729.72972972691,1.5051382747057864,-5.1380303931890765e-14,5.252284897078393e-27
129729.72972974181,1.5051382680404428,-5.138030325043281e-14,5.271675559787672e-27
129729.72972972691,1.505138261389122,-5.138030256662248e-14,5.2661272741353905e-27
129729.72972972691,1.505138254713392,-5.1380301883485245e-14,5.2717611856148655e-27
129729.72972972691,1.5051382480358875,-5.138030119966453e-14,5.262644826505214e-27
129729.72972972691,1.505138241374182,-5.1380300516949766e-14,5.2438549664955275e-27
129729.72972974181,1.5051382347007716,-5.138029983651449e-14,5.248961186082086e-27
129729.72972972691,1.5051382280403784,-5.138029915545976e-14,5.256882076866075e-27
129729.72972972691,1.5051382213860742,-5.1380298473444106e-14,5.269948145770876e-27
129729.72972972691,1.5051382147392793,-5.138029778984335e-14,5.250390047029661e-27
129729.72972972691,1.5051382080662208,-5.1380297108615274e-14,5.244207041333881e-27
129729.72972974181,1.5051382013823211,-5.1380296428137294e-14,5.2501301099130834e-27
129729.72972972691,1.505138194718098,-5.1380295746940756e-14,5.25607086972473e-27
129729.72972972691,1.5051381880616246,-5.138029506502352e-14,5.256564150440602e-27
129729.72972972691,1.5051381813832856,-5.138029438304644e-14,5.26506188422268e-27
129729.72972972691,1.5051381747463544,-5.1380293700038464e-14,5.2666576480682054e-27
129729.72972972691,1.5051381680574487,-5.1380293016836894e-14,5.264144043601012e-27
129729.72972974181,1.5051381613903059,-5.1380292333940266e-14,5.282215442241719e-27
129729.72972972691,1.5051381547482292,-5.138029164885131e-14,5.2866234694027646e-27
129729.72972972691,1.5051381480706365,-5.13802909632276e-14,5.281574411718142e-27
129729.72972972691,1.5051381413904255,-5.138029027821641e-14,5.264476103128317e-27
129729.72972972691,1.5051381347281494,-5.1380289595279497e-14,5.257145456848085e-27
129729.72972974181,1.5051381280643688,-5.1380288913231904e-14,5.248073631036051e-27
129729.72972972691,1.5051381214041692,-5.138028823228486e-14,5.249328013846631e-27
129729.72972972691,1.5051381147277174,-5.1380287551185644e-14,5.2578699152299295e-27
129729.72972972691,1.5051381080794906,-5.1380286869050166e-14,5.251733451387039e-27
129729.72972972691,1.5051381013947103,-5.138028618765913e-14,5.24458637257991e-27
129729.72972974181,1.5051380947494688,-5.1380285507135146e-14,5.2435624215141726e-27
129729.72972972691,1.5051380880678114,-5.138028482673538e-14,5.261967144491369e-27
129729.72972972691,1.5051380814067856,-5.1380284144102853e-14,5.256322142485717e-27
129729.72972972691,1.505138074748697,-5.138028346215515e-14,5.272839912796096e-27
129729.72972972691,1.5051380680637663,-5.1380282778203594e-14,5.2805084042918035e-27
129729.72972974181,1.505138061416094,-5.138028209332174e-14,5.288082000394459e-27
129729.72972972691,1.505138054771334,-5.138028140752109e-14,5.276868928502809e-27
129729.72972972691,1.5051380480768581,-5.1380280723080765e-14,5.264403270068397e-27
129729.72972972691,1.5051380414237063,-5.13802800401527e-14,5.272959179051688e-27
129729.72972972691,1.5051380347359922,-5.138027935618668e-14,5.2746972605797e-27
129729.72972972691,1.5051380280950448,-5.138027867200981e-14,5.263067657363886e-27
129729.72972974181,1.5051380214153238,-5.1380277989243785e-14,5.262020727734928e-27
129729.72972972691,1.5051380147736253,-5.138027730660477e-14,5.245572979917187e-27
129729.72972972691,1.5051380080806522,-5.138027662596111e-14,5.24742249122563e-27
129729.72972972691,1.5051380013968207,-5.138027594509308e-14,5.2565174782953845e-27
129729.72972972691,1.5051379947532018,-5.138027526312169e-14,5.263884803866414e-27
129729.72972974181,1.5051379880820768,-5.1380274580256533e-14,5.268308026580194e-27
129729.72972972691,1.5051379814258714,-5.1380273896854776e-14,5.25964812590153e-27
129729.72972972691,1.5051379747599796,-5.13802732145036e-14,5.243155245285681e-27
129729.72972972691,1.5051379680999584,-5.138027253415325e-14,5.2396764965626904e-27
129729.72972972691,1.5051379614339129,-5.138027185422493e-14,5.2420222365413544e-27
129729.72972974181,1.5051379547548156,-5.138027117401203e-14,5.243232069409997e-27
129729.72972972691,1.5051379480961204,-5.138027049365237e-14,5.24392910368695e-27
129729.72972972691,1.5051379414322825,-5.1380269813208144e-14,5.254114670016959e-27
129729.72972972691,1.5051379347748794,-5.138026913152826e-14,5.246136117721187e-27
129729.72972972691,1.5051379280880501,-5.138026845081629e-14,5.262255710178229e-27
129729.72972974181,1.5051379214369422,-5.138026776814878e-14,5.269196374378153e-27
129729.72972972691,1.5051379147792538,-5.1380267084639266e-14,5.270911457196319e-27
129729.72972972691,1.5051379080793983,-5.1380266400921687e-14,5.269115559314668e-27
129729.72972972691,1.5051379014343482,-5.138026571742198e-14,5.292690722397107e-27
129729.72972972691,1.5051378947825327,-5.138026503106225e-14,5.2942982714866934e-27
129729.72972972691,1.5051378880957718,-5.1380264344507505e-14,5.290053905655566e-27
129729.72972974181,1.5051378814337713,-5.1380263658467664e-14,5.290738109205421e-27
129729.72972972691,1.5051378747807695,-5.138026297234482e-14,5.2896537476328566e-27
129729.72972972691,1.5051378681134462,-5.138026228635353e-14,5.2641682732468276e-27
129729.72972972691,1.505137861441808,-5.1380261603454007e-14,5.259735823130258e-27
129729.72972972691,1.5051378547874685,-5.138026092109221e-14,5.261844956168199e-27
129729.72972974181,1.5051378481036266,-5.138026023847454e-14,5.2560342237311635e-27
129729.72972972691,1.505137841441999,-5.13802595565618e-14,5.243379361223794e-27
129729.72972972691,1.5051378347767153,-5.138025887618428e-14,5.2323954798738385e-27
129729.72972972691,1.5051378281074659,-5.138025819713927e-14,5.22064871143717e-27
129729.72972972691,1.5051378214584121,-5.138025751951932e-14,5.2286162721256016e-27
129729.72972974181,1.5051378147747019,-5.138025684093279e-14,5.237355846848984e-27
129729.72972972691,1.5051378081397824,-5.1380256161286016e-14,5.23953488233591e-27
129729.72972972691,1.5051378014392582,-5.138025548137489e-14,5.241335622424861e-27
129729.72972972691,1.5051377947982223,-5.138025480124532e-14,5.241104254574754e-27
129729.72972972691,1.5051377881192403,-5.138025412114381e-14,5.242595156780734e-27
129729.72972972691,1.5051377814629567,-5.138025344086144e-14,5.258023989251031e-27
129729.72972974181,1.5051377747755619,-5.138025275870732e-14,5.2388411775978546e-27
129729.72972972691,1.5051377681346811,-5.138025207888036e-14,5.23739846387905e-27
129729.72972972691,1.5051377614579808,-5.138025139922842e-14,5.2593659335120316e-27
129729.72972972691,1.5051377547855302,-5.1380250716911506e-14,5.263323672748397e-27
129729.72972972691,1.5051377481360315,-5.138025003411446e-14,5.2715473882904915e-27
129729.72972974181,1.5051377414458589,-5.138024935031975e-14,5.273571530887234e-27
129729.72972972691,1.5051377347948203,-5.138024866627949e-14,5.275738114085399e-27
129729.72972972691,1.5051377281471163,-5.1380247981976394e-14,5.268057965448372e-27
129729.72972972691,1.5051377214633606,-5.138024729860501e-14,5.262419753114744e-27
129729.72972972691,1.505137714788844,-5.1380246615917627e-14,5.247947707540865e-27
129729.72972974181,1.5051377081347275,-5.138024593498592e-14,5.260064771510347e-27
129729.72972972691,1.5051377014625944,-5.1380245252584235e-14,5.2374032820652235e-27
129729.72972972691,1.505137694804956,-5.1380244572931725e-14,5.232003135254291e-27
129729.72972972691,1.5051376881398095,-5.1380243893934336e-14,5.241301288991802e-27
129729.72972972691,1.5051376814726394,-5.138024321380894e-14,5.241167914950233e-27
129729.72972974181,1.5051376748000194,-5.138024253369972e-14,5.248392457176925e-27
129729.72972972691,1.5051376681575255,-5.1380241852714063e-14,5.25185736650766e-27
129729.72972972691,1.505137661481393,-5.138024117130806e-14,5.240897994549108e-27
129729.72972972691,1.5051376548120021,-5.138024049123159e-14,5.2535521179140905e-27
129729.72972972691,1.505137648151813,-5.1380239809619994e-14,5.265519478937601e-27
129729.72972972691,1.5051376414872282,-5.1380239126556575e-14,5.274206172406884e-27
129729.72972974181,1.5051376348054433,-5.1380238442439334e-14,5.27357372391677e-27
129729.72972972691,1.5051376281475595,-5.138023775839882e-14,5.275365192021736e-27
129729.72972972691,1.505137621484268,-5.138023707414098e-14,5.278534559346684e-27
129729.72972972691,1.5051376148282376,-5.1380236389498645e-14,5.260336247244831e-27
129729.72972972691,1.5051376081777073,-5.138023570706404e-14,5.2646092884720756e-27
129729.72972974181,1.5051376014872968,-5.138023502411105e-14,5.257310069489631e-27
129729.72972972691,1.5051375948228654,-5.138023434204356e-14,5.275631654606665e-27
129729.72972972691,1.5051375881542726,-5.1380233657753397e-14,5.266681429904671e-27
129729.72972972691,1.505137581489171,-5.138023297454903e-14,5.261248259667979e-27
129729.72972972691,1.5051375748166183,-5.138023229200379e-14,5.2537840720179e-27
129729.72972974181,1.5051375681513293,-5.138023161036406e-14,5.2456269432747556e-27
129729.72972972691,1.505137561496424,-5.138023092971392e-14,5.245424718559151e-27
129729.72972972691,1.5051375548346257,-5.138023024908831e-14,5.2421665224712694e-27
129729.72972972691,1.5051375481599787,-5.138022956885797e-14,5.239652310470322e-27
129729.72972972691,1.505137541512626,-5.138022888893264e-14,5.252762737536871e-27
129729.72972972691,1.5051375348088953,-5.138022820741682e-14,5.255937292346984e-27
129729.72972974181,1.5051375281657542,-5.138022752551588e-14,5.2543491432499034e-27
129729.72972972691,1.5051375215049132,-5.138022684380761e-14,5.272060540186051e-27
129729.72972972691,1.5051375148486106,-5.138022615995069e-14,5.276586391500229e-27
129729.72972972691,1.5051375081663239,-5.138022547554471e-14,5.278839994745133e-27
129729.72972972691,1.5051375015038,-5.138022479086534e-14,5.270982068264935e-27
129729.72972974181,1.505137494853492,-5.138022410713925e-14,5.277763129930384e-27
129729.72972972691,1.5051374881668673,-5.1380223422590523e-14,5.255816460539006e-27
129729.72972972691,1.5051374815120835,-5.138022274070425e-14,5.249608817873433e-27
129729.72972972691,1.5051374748450408,-5.138022205957106e-14,5.2427506306068004e-27
129729.72972972691,1.5051374681716345,-5.138022137926987e-14,5.2409692632158304e-27
129729.72972974181,1.505137461504302,-5.1380220699184784e-14,5.247914189224527e-27
129729.72972972691,1.5051374548502792,-5.138022001825718e-14,5.247823990199676e-27
129729.72972972691,1.5051374481823951,-5.1380219337340516e-14,5.245039250732773e-27
129729.72972972691,1.5051374415031138,-5.138021865676169e-14,5.2537775004211366e-27
129729.72972972691,1.5051374348410462,-5.1380217975122776e-14,5.2638999245019904e-27
129729.72972974181,1.505137428180642,-5.1380217292255866e-14,5.278734958619174e-27
129729.72972972691,1.505137421528927,-5.138021660758925e-14,5.266545854136444e-27
129729.72972972691,1.5051374148448118,-5.1380215924401355e-14,5.26406700827979e-27
129729.72972972691,1.5051374081957483,-5.138021524151418e-14,5.248848469951203e-27
129729.72972972691,1.5051374015226036,-5.1380214560473244e-14,5.2469110139791186e-27
129729.72972972691,1.5051373948424414,-5.138021387966735e-14,5.232323317042576e-27
129729.72972974181,1.505137388186041,-5.1380213200631156e-14,5.238842522174751e-27
129729.72972972691,1.5051373815151803,-5.1380212520804087e-14,5.237590846684722e-27
129729.72972972691,1.5051373748724886,-5.138021184112887e-14,5.2511322607184404e-27
129729.72972972691,1.5051373682055593,-5.138021115981088e-14,5.261004428222921e-27
129729.72972972691,1.5051373615411308,-5.1380210477295246e-14,5.2663193549488906e-27
129729.72972974181,1.5051373548737748,-5.1380209794134836e-14,5.273751061551195e-27
129729.72972972691,1.505137348205122,-5.138020911007285e-14,5.263446376141883e-27
129729.72972972691,1.5051373415263383,-5.138020842726098e-14,5.26358750829466e-27
129729.72972972691,1.5051373348654271,-5.1380207744431986e-14,5.243440557077833e-27
129729.72972972691,1.5051373282183464,-5.1380207064047117e-14,5.24938001913125e-27
129729.72972974181,1.5051373215206163,-5.13802063829417e-14,5.2379711966142115e-27
129729.72972972691,1.5051373148770588,-5.1380205703220347e-14,5.246775410985071e-27
129729.72972972691,1.5051373082115924,-5.138020502243091e-14,5.249853863169897e-27
129729.72972972691,1.505137301526062,-5.138020434126802e-14,5.2521247381995184e-27
129729.72972972691,1.5051372948894737,-5.1380203659829634e-14,5.2552929589043985e-27
129729.72972972691,1.5051372882081615,-5.13802029780069e-14,5.253842323080356e-27
129729.72972974181,1.5051372815329214,-5.138020229636015e-14,5.242852608070548e-27
129729.72972972691,1.5051372748779692,-5.138020161604661e-14,5.24181222630483e-27
129729.72972972691,1.5051372682258797,-5.138020093585929e-14,5.2453090481398065e-27
129729.72972972691,1.5051372615295973,-5.1380200255247753e-14,5.2382992085302984e-27
129729.72972972691,1.505137254885251,-5.1380199575486614e-14,5.241147250673567e-27
129729.72972974181,1.5051372482319167,-5.1380198895379967e-14,5.23003413346606e-27
129729.72972972691,1.505137241560638,-5.138019821662151e-14,5.243663544311036e-27
129729.72972972691,1.5051372348824548,-5.13801975362096e-14,5.2531895506880946e-27
129729.72972972691,1.5051372282072983,-5.138019685464205e-14,5.249310796157068e-27
129729.72972972691,1.5051372215538434,-5.1380196173545045e-14,5.254436465424405e-27
129729.72972974181,1.5051372148841768,-5.1380195491826225e-14,5.248882267974195e-27
129729.72972972691,1.505137208226002,-5.138019481078121e-14,5.2560164608095875e-27
129729.72972972691,1.5051372015396356,-5.1380194128870716e-14,5.263403118848243e-27
129729.72972972691,1.5051371949069339,-5.1380193446064114e-14,5.259003703877405e-27
129729.72972972691,1.5051371882035935,-5.138019276379122e-14,5.257960837747731e-27
129729.72972974181,1.505137181558274,-5.1380192081644846e-14,5.258115761704028e-27
129729.72972972691,1.5051371748844584,-5.1380191399479675e-14,5.251768617850984e-27
129729.72972972691,1.5051371682090822,-5.138019071808451e-14,5.2606995888235404e-27
129729.72972972691,1.5051371615520328,-5.138019003560589e-14,5.248300392945574e-27
129729.72972972691,1.5051371549098798,-5.1380189354631475e-14,5.2576433531500084e-27
129729.72972972691,1.5051371482304918,-5.138018867252362e-14,5.256808186879638e-27
129729.72972974181,1.5051371415778534,-5.1380187990517086e-14,5.2616347135225345e-27
129729.72972972691,1.5051371348997995,-5.138018730792502e-14,5.274745124628263e-27
129729.72972972691,1.5051371282323676,-5.1380186623742475e-14,5.272108794841848e-27
129729.72972972691,1.5051371215680376,-5.138018593987975e-14,5.263311675017656e-27
129729.72972972691,1.505137114912681,-5.138018525708425e-14,5.266444386056677e-27
129729.72972974181,1.5051371082269975,-5.1380184573908706e-14,5.257673752029165e-27
129729.72972972691,1.5051371015570283,-5.138018389179717e-14,5.254815552178654e-27
129729.72972972691,1.5051370949028962,-5.138018321003238e-14,5.267063048514595e-27
129729.72972972691,1.5051370882537487,-5.138018252678179e-14,5.274366513454432e-27
129729.72972972691,1.5051370815677816,-5.138018184264518e-14,5.272008418975637e-27
129729.72972974181,1.5051370749072686,-5.138018115879464e-14,5.256603628373622e-27
129729.72972972691,1.5051370682338086,-5.1380180476812936e-14,5.263474914180491e-27
129729.72972972691,1.5051370615722728,-5.138017979399764e-14,5.272221599692543e-27
129729.72972972691,1.5051370548846714,-5.1380179110121244e-14,5.2789290961911856e-27
129729.72972972691,1.5051370482604993,-5.138017842543113e-14,5.283884505087821e-27
129729.72972974181,1.5051370415972827,-5.138017774013985e-14,5.2790129343902346e-27
129729.72972972691,1.5051370349129483,-5.1380177055439564e-14,5.2798969572276076e-27
129729.72972972691,1.5051370282532075,-5.138017637063204e-14,5.2863287726334846e-27
129729.72972972691,1.505137021588034,-5.1380175685044233e-14,5.283193229731043e-27
129729.72972972691,1.5051370149343688,-5.1380174999836824e-14,5.301929928588645e-27
129729.72972972691,1.5051370082444024,-5.138017431235637e-14,5.2964401518294785e-27
129729.72972974181,1.5051370015952674,-5.1380173625541913e-14,5.289370846929357e-27
129729.72972972691,1.505136994918191,-5.138017293958507e-14,5.273512573601672e-27
129729.72972972691,1.5051369882352104,-5.138017225555206e-14,5.2644532932601e-27
129729.72972972691,1.5051369815897933,-5.138017157261809e-14,5.25614247882462e-27
129729.72972972691,1.5051369749183614,-5.138017089069234e-14,5.265386358444137e-27
129729.72972974181,1.5051369682336369,-5.138017020764517e-14,5.261607780272504e-27
129729.72972972691,1.5051369615953811,-5.13801695250564e-14,5.278309616086836e-27
129729.72972972691,1.5051369549431635,-5.138016884044145e-14,5.263995890092848e-27
129729.72972972691,1.505136948254535,-5.1380168157562974e-14,5.2764541305437874e-27
129729.72972972691,1.505136941596006,-5.138016747317313e-14,5.268369949474485e-27
129729.72972974181,1.5051369349247727,-5.138016678976401e-14,5.235449844665745e-27
129729.72972972691,1.5051369282730278,-5.1380166110348596e-14,5.2336507653655e-27
129729.72972972691,1.50513692160524,-5.1380165431151435e-14,5.2350861978874024e-27
129729.72972972691,1.5051369149232574,-5.138016475178013e-14,5.218685717115612e-27
129729.72972972691,1.5051369082614536,-5.1380164074398456e-14,5.228726428723828e-27
129729.72972972691,1.505136901623915,-5.138016339579869e-14,5.21406677290712e-27
129729.72972974181,1.5051368949260318,-5.138016271897736e-14,5.2120500903789386e-27
129729.72972972691,1.5051368882718916,-5.138016204240068e-14,5.2165283915481206e-27
129729.72972972691,1.505136881590151,-5.1380161365280724e-14,5.218511175336192e-27
129729.72972972691,1.505136874942934,-5.138016068792022e-14,5.227512864844115e-27
129729.72972972691,1.5051368682676969,-5.138016000946768e-14,5.235791546207082e-27
129729.72972974181,1.505136861617711,-5.1380159330010816e-14,5.2417835242382876e-27
129729.72972972691,1.5051368549559407,-5.1380158649827037e-14,5.250351918288046e-27
129729.72972972691,1.5051368482804046,-5.1380157968603785e-14,5.26177478431558e-27
129729.72972972691,1.5051368416128952,-5.138015728599477e-14,5.277296880931879e-27
129729.72972972691,1.5051368349383238,-5.13801566015027e-14,5.266294231966855e-27
129729.72972974181,1.5051368282755861,-5.138015591834541e-14,5.25502282988863e-27
129729.72972972691,1.5051368216142902,-5.138015523655551e-14,5.2596008234882404e-27
129729.72972972691,1.5051368149395463,-5.1380154554210236e-14,5.2507480718781204e-27
129729.72972972691,1.5051368082946681,-5.138015387293893e-14,5.245665388075034e-27
129729.72972972691,1.5051368016180782,-5.1380153192284235e-14,5.253560150276947e-27
129729.72972974181,1.5051367949548216,-5.1380152510671785e-14,5.242568435014066e-27
129729.72972972691,1.505136788282227,-5.1380151830392793e-14,5.251662324947432e-27
129729.72972972691,1.5051367816195276,-5.1380151149010577e-14,5.25076644249925e-27
129729.72972972691,1.5051367749610258,-5.1380150467737046e-14,5.25571679709511e-27
129729.72972972691,1.5051367682970456,-5.1380149785862965e-14,5.258993176858169e-27
129729.72972972691,1.5051367616120515,-5.138014910359141e-14,5.273403992179332e-27
129729.72972974181,1.5051367549709405,-5.1380148419571617e-14,5.280035264414833e-27
129729.72972972691,1.5051367482977858,-5.138014773474735e-14,5.289003388239947e-27
129729.72972972691,1.505136741635243,-5.138014704883511e-14,5.300599329557165e-27
129729.72972972691,1.5051367349694922,-5.1380146361516124e-14,5.290562150746364e-27
129729.72972972691,1.505136728305736,-5.138014567541479e-14,5.2730861010572984e-27
129729.72972974181,1.5051367216369371,-5.138014499143357e-14,5.2752893588566744e-27
129729.72972972691,1.505136714966166,-5.138014430718505e-14,5.2808578456879126e-27
129729.72972972691,1.5051367083003027,-5.1380143622261e-14,5.278882831959165e-27
129729.72972972691,1.5051367016609425,-5.138014293757655e-14,5.286655346338582e-27
129729.72972972691,1.505136694988819,-5.1380142251949177e-14,5.304750014610189e-27
129729.72972974181,1.5051366883005972,-5.1380141564126655e-14,5.303618480336238e-27
129729.72972972691,1.5051366816494731,-5.138014087644141e-14,5.302194120465473e-27
129729.72972972691,1.5051366749742239,-5.1380140188928954e-14,5.2973911135373464e-27
129729.72972972691,1.5051366683153011,-5.1380139501999177e-14,5.294287268143067e-27
129729.72972972691,1.5051366616600164,-5.1380138815445945e-14,5.2891718733221314e-27
129729.72972972691,1.5051366549802287,-5.138013812951329e-14,5.289413193040345e-27
129729.72972974181,1.5051366483172808,-5.1380137443551356e-14,5.282458851840716e-27
129729.72972972691,1.5051366416324379,-5.138013675843309e-14,5.2564861630021224e-27
129729.72972972691,1.5051366349695185,-5.1380136076465694e-14,5.242706155274036e-27
129729.72972972691,1.5051366283197505,-5.138013539617002e-14,5.245694072117936e-27
129729.72972972691,1.5051366216455766,-5.138013471551187e-14,5.2460043863186695e-27
129729.72972974181,1.5051366149721825,-5.138013403481608e-14,5.244885543233194e-27
129729.72972972691,1.5051366083247937,-5.138013335425602e-14,5.24862804391997e-27
129729.72972972691,1.505136601645015,-5.1380132673241935e-14,5.232352770329718e-27
129729.72972972691,1.5051365949893227,-5.138013199420229e-14,5.234095350655749e-27
129729.72972972691,1.5051365883109333,-5.138013131495124e-14,5.237084186569993e-27
129729.72972974181,1.5051365816607272,-5.13801306353376e-14,5.250704199490992e-27
129729.72972972691,1.5051365749881915,-5.1380129954071653e-14,5.244374392806902e-27
129729.72972972691,1.5051365683201658,-5.1380129273573604e-14,5.264765025374806e-27
129729.72972972691,1.5051365616706862,-5.138012859060187e-14,5.256167831983921e-27
129729.72972972691,1.505136554994743,-5.1380127908673106e-14,5.2627653242494965e-27
129729.72972974181,1.5051365483214454,-5.138012722594397e-14,5.262455035998615e-27
129729.72972972691,1.5051365416851374,-5.138012654325248e-14,5.243347353325493e-27
129729.72972972691,1.5051365350104313,-5.138012586287903e-14,5.245698053278957e-27
129729.72972972691,1.5051365283503593,-5.138012518222041e-14,5.2425368063179405e-27
129729.72972972691,1.5051365216836543,-5.138012450194529e-14,5.240274467382524e-27
129729.72972972691,1.5051365150099452,-5.1380123821944635e-14,5.238061166437392e-27
129729.72972974181,1.5051365083483406,-5.138012314221248e-14,5.257303804605847e-27
129729.72972972691,1.5051365016646705,-5.138012246014591e-14,5.258956344579687e-27
129729.72972972691,1.5051364950225543,-5.138012177787887e-14,5.2561261088994826e-27
129729.72972972691,1.5051364883503051,-5.138012109595518e-14,5.253202565372526e-27
129729.72972972691,1.5051364816716755,-5.1380120414386155e-14,5.2436825316854406e-27
129729.72972974181,1.5051364750010725,-5.1380119733972054e-14,5.245025091284351e-27
129729.72972972691,1.5051364683476824,-5.138011905339508e-14,5.251195785538137e-27
129729.72972972691,1.505136461679135,-5.138011837206951e-14,5.24778047259207e-27
129729.72972972691,1.5051364550048327,-5.138011769115827e-14,5.2579958635646515e-27
129729.72972972691,1.5051364483552323,-5.138011700900775e-14,5.269870754996859e-27
129729.72972974181,1.5051364417015813,-5.1380116325416637e-14,5.2631268874170966e-27
129729.72972972691,1.5051364350222276,-5.138011564264365e-14,5.26626355800716e-27
129729.72972972691,1.505136428353376,-5.1380114959490146e-14,5.2608184107703e-27
129729.72972972691,1.5051364217009064,-5.138011427699722e-14,5.257194547635077e-27
129729.72972972691,1.5051364150167321,-5.138011359494392e-14,5.25080925821671e-27
129729.72972974181,1.5051364083517498,-5.1380112913665254e-14,5.257141635664822e-27
129729.72972972691,1.5051364016900746,-5.1380112231618375e-14,5.2572321664204624e-27
129729.72972972691,1.5051363950464538,-5.1380111549560514e-14,5.249481533575958e-27
129729.72972972691,1.5051363883613293,-5.138011086844292e-14,5.251480631564875e-27
129729.72972972691,1.5051363816952543,-5.138011018708281e-14,5.2618939485943094e-27
